id,date,,description,team,paper,code,type,MRR@100 (Eval),tweetid
20200909a,2020/09/09,üèÜ,"HDCT top100 + BERT-base FirstP (single)","Luyu Gao and Zhuyun Dai - LTI, CMU",,,full ranking,0.382,1303695596247752704
20200907a,2020/09/07,üèÜ,"Expando-Mono-Duo-T5","Ronak Pradeep, Ruizhou Xu, Rodrigo Nogueira, and Jimmy Lin - University of Waterloo",,,full ranking,0.370,1303331769358389249
20200827a,2020/08/27,üèÜ,"BERT based re-ranking on top of classic IR model","Leonid Boytsov - Bosch Center for AI",,,full ranking,0.368,1299028581532798976
20200907b,2020/09/07,,"Expando-Mono-T5","Ronak Pradeep, Ruizhou Xu, Rodrigo Nogueira, and Jimmy Lin - University of Waterloo",,,full ranking,0.362,
20200831a,2020/08/31,,"BERT-base Rerank Document First Passage","Luyu Gao and Zhuyun Dai - LTI, CMU",,,full ranking,0.338,1300444068972036098
20200908a,2020/09/08,,"BERT Base FirstP + Document Expansion OpenMatch","THU-MSR",,,reranking,0.329,
20200908b,2020/09/08,,"BERT Base FirstP OpenMatch","THU-MSR",,,reranking,0.328,
20200828a,2020/08/28,,"BERT Base FirstP Baseline OpenMatch","THU-MSR",,,reranking,0.317,1299362193180426241
20200811c,2020/08/11,üèõ,"Conformer-Kernel with QTI (NDRM1)","Bhaskar Mitra (Microsoft), Sebastian Hofst√§tter (TU Wien), Hamed Zamani (Microsoft), and Nick Craswell (Microsoft)",https://arxiv.org/pdf/2007.10434.pdf,https://github.com/bmitra-msft/TREC-Deep-Learning-Quick-Start,reranking,0.307,1293306436399685632
20200831b,2020/08/31,,"Longformer reranking","Ivan Sekulic (Universit√† della Svizzera italiana), Amir Soleimani (University of Amsterdam), Mohammad Aliannejadi (University of Amsterdam), and Fabio Crestani (Universit√† della Svizzera italiana)",,https://github.com/isekulic/longformer-marco,reranking,0.305,
20200811b,2020/08/11,üèõ,"Conformer-Kernel with QTI (NDRM3)","Bhaskar Mitra (Microsoft), Sebastian Hofst√§tter (TU Wien), Hamed Zamani (Microsoft), and Nick Craswell (Microsoft)",https://arxiv.org/pdf/2007.10434.pdf,https://github.com/bmitra-msft/TREC-Deep-Learning-Quick-Start,reranking,0.293,1293306436399685632
20200903a,2020/09/03,,"uogTrDPHCBmp: PyTerrier DPH reranked by ColBERT MaxPassage","Craig Macdonald - University of Glasgow Terrier Team",,,full ranking,0.291,1301621369151590405
20200910a,2020/09/10,,"Anserini's BM25 + T5QLM Max passage","Shengyao Zhuang, Hang Li, and Guido Zuccon - IELab, The University of Queensland",,,full ranking,0.290,
20200830a,2020/08/30,,"Anserini's BM25 baseline, doc2query segmented index","Ronak Pradeep, Ruizhou Xu, Rodrigo Nogueira,  and Jimmy Lin - University of Waterloo",,https://github.com/castorini/docTTTTTquery#ms-marco-document-dataset,full ranking,0.284,1300444068972036098
20200820a,2020/08/20,,"Non-neural fusion of BM25 (multi-field) and IBM Model 1 scores","Leonid Boytsov - Bosch Center for AI",,https://github.com/oaqa/FlexNeuART,full ranking,0.256,1296584910724104193
20200816c,2020/08/16,,"Anserini's BM25 baseline, doc2query index","Ronak Pradeep, Rodrigo Nogueira, and Jimmy Lin - University of Waterloo",,https://github.com/castorini/docTTTTTquery#ms-marco-document-dataset,full ranking,0.251,1294992948128489473
20200831c,2020/08/31,,"PyTerrier framework + DPH Divergence from Randomness model","Craig Macdonald - University of Glasgow Terrier Team",https://arxiv.org/abs/2007.14271,https://github.com/cmacdonald/pyterrier-msmarco-document-leaderboard-runs/blob/master/uogTrBaseDPH.ipynb,full ranking,0.230,1300850510619123712
20200901a,2020/09/01,,"PyTerrier framework + DPH + Bo1 QE","Craig Macdonald - University of Glasgow Terrier Team",https://arxiv.org/abs/2007.14271,https://github.com/cmacdonald/pyterrier-msmarco-document-leaderboard-runs/blob/master/uogTrBaseDPHQ.ipynb,full ranking,0.219,
20200816a,2020/08/16,,"Anserini's BM25","Ronak Pradeep, Rodrigo Nogueira, and Jimmy Lin - University of Waterloo",,https://github.com/castorini/docTTTTTquery#ms-marco-document-dataset,full ranking,0.201,1294992948128489473
20200811a,2020/08/11,üèõ,"IndriQueryLikelihood","MSMARCO Team",,http://www.lemurproject.org/indri.php,full ranking,0.192,1293306436399685632
20200816d,2020/08/16,,"Anserini's BM25 + RM3 baseline, doc2query index","Ronak Pradeep, Rodrigo Nogueira, and Jimmy Lin - University of Waterloo",,https://github.com/castorini/docTTTTTquery#ms-marco-document-dataset,full ranking,0.161,1294992948128489473
20200816b,2020/08/16,,"Anserini's BM25 + RM3 baseline","Ronak Pradeep, Rodrigo Nogueira, and Jimmy Lin - University of Waterloo",,https://github.com/castorini/docTTTTTquery#ms-marco-document-dataset,full ranking,0.139,1294992948128489473